name,fwd_barcode,rvs_barcode
F1_R9,GCATCCACTCGACTCTCGCGT,GCATCAGAGACTGCGACGAGA
F1_R10,GCATCCACTCGACTCTCGCGT,GCATCCAGAGAGTGCGCGCGC
F1_R11,GCATCCACTCGACTCTCGCGT,GCATCCGCGCGTCGTCTCAGC
F1_R12,GCATCCACTCGACTCTCGCGT,GCATCAGAGAGTACGATATGT
F1_R13,GCATCCACTCGACTCTCGCGT,GCATCTCTGTAGTGCGTGCGC
F1_R14,GCATCCACTCGACTCTCGCGT,GCATCATGTGCGTGTGTGTCT
F1_R15,GCATCCACTCGACTCTCGCGT,GCATCCTCTCAGACGCTCGTC
F1_R16,GCATCCACTCGACTCTCGCGT,GCATCTATCTCAGTGCGTGTG
F1_R17,GCATCCACTCGACTCTCGCGT,GCATCTGTGTCTATACTCATC
F1_R18,GCATCCACTCGACTCTCGCGT,GCATCTATAGACTATCTGAGA
F1_R19,GCATCCACTCGACTCTCGCGT,GCATCGTATGTGAGAGAGCGC
F1_R20,GCATCCACTCGACTCTCGCGT,GCATCCACGCGACGCTCTCTA
F1_R21,GCATCCACTCGACTCTCGCGT,GCATCGAGAGCGCGAGTGCAC
F1_R22,GCATCCACTCGACTCTCGCGT,GCATCGTGCTCTGTGTGTCAC
F1_R23,GCATCCACTCGACTCTCGCGT,GCATCTGCGTGTATGTCATAT
F1_R24,GCATCCACTCGACTCTCGCGT,GCATCACGAGATACTCGCGCG
F1_R25,GCATCCACTCGACTCTCGCGT,GCATCCTGTGTAGAGAGCACA
F1_R26,GCATCCACTCGACTCTCGCGT,GCATCTGATGTGACACTGCGC
F1_R27,GCATCCACTCGACTCTCGCGT,GCATCACTACTGAGACATAGA
F1_R28,GCATCCACTCGACTCTCGCGT,GCATCTATATCGCGTCGCTAT
F1_R29,GCATCCACTCGACTCTCGCGT,GCATCGCGTACTGCGACTGTG
F1_R30,GCATCCACTCGACTCTCGCGT,GCATCATATATGCACGCTCTA
F1_R31,GCATCCACTCGACTCTCGCGT,GCATCCGCTGTATACACGCTC
F1_R32,GCATCCACTCGACTCTCGCGT,GCATCAGAGACTGTAGCGCAC
F2_R9,GCATCTCTGTATCTCTATGTG,GCATCAGAGACTGCGACGAGA
F2_R10,GCATCTCTGTATCTCTATGTG,GCATCCAGAGAGTGCGCGCGC
F2_R11,GCATCTCTGTATCTCTATGTG,GCATCCGCGCGTCGTCTCAGC
F2_R12,GCATCTCTGTATCTCTATGTG,GCATCAGAGAGTACGATATGT
F2_R13,GCATCTCTGTATCTCTATGTG,GCATCTCTGTAGTGCGTGCGC
F2_R14,GCATCTCTGTATCTCTATGTG,GCATCATGTGCGTGTGTGTCT
F2_R15,GCATCTCTGTATCTCTATGTG,GCATCCTCTCAGACGCTCGTC
F2_R16,GCATCTCTGTATCTCTATGTG,GCATCTATCTCAGTGCGTGTG
F2_R17,GCATCTCTGTATCTCTATGTG,GCATCTGTGTCTATACTCATC
F2_R18,GCATCTCTGTATCTCTATGTG,GCATCTATAGACTATCTGAGA
F2_R19,GCATCTCTGTATCTCTATGTG,GCATCGTATGTGAGAGAGCGC
F2_R20,GCATCTCTGTATCTCTATGTG,GCATCCACGCGACGCTCTCTA
F2_R21,GCATCTCTGTATCTCTATGTG,GCATCGAGAGCGCGAGTGCAC
F2_R22,GCATCTCTGTATCTCTATGTG,GCATCGTGCTCTGTGTGTCAC
F2_R23,GCATCTCTGTATCTCTATGTG,GCATCTGCGTGTATGTCATAT
F2_R24,GCATCTCTGTATCTCTATGTG,GCATCACGAGATACTCGCGCG
F2_R25,GCATCTCTGTATCTCTATGTG,GCATCCTGTGTAGAGAGCACA
F2_R26,GCATCTCTGTATCTCTATGTG,GCATCTGATGTGACACTGCGC
F2_R27,GCATCTCTGTATCTCTATGTG,GCATCACTACTGAGACATAGA
F2_R28,GCATCTCTGTATCTCTATGTG,GCATCTATATCGCGTCGCTAT
F2_R29,GCATCTCTGTATCTCTATGTG,GCATCGCGTACTGCGACTGTG
F2_R30,GCATCTCTGTATCTCTATGTG,GCATCATATATGCACGCTCTA
F2_R31,GCATCTCTGTATCTCTATGTG,GCATCCGCTGTATACACGCTC
F2_R32,GCATCTCTGTATCTCTATGTG,GCATCAGAGACTGTAGCGCAC
F3_R9,GCATCACAGTCGAGCGCTGCG,GCATCAGAGACTGCGACGAGA
F3_R10,GCATCACAGTCGAGCGCTGCG,GCATCCAGAGAGTGCGCGCGC
F3_R11,GCATCACAGTCGAGCGCTGCG,GCATCCGCGCGTCGTCTCAGC
F3_R12,GCATCACAGTCGAGCGCTGCG,GCATCAGAGAGTACGATATGT
F3_R13,GCATCACAGTCGAGCGCTGCG,GCATCTCTGTAGTGCGTGCGC
F3_R14,GCATCACAGTCGAGCGCTGCG,GCATCATGTGCGTGTGTGTCT
F3_R15,GCATCACAGTCGAGCGCTGCG,GCATCCTCTCAGACGCTCGTC
F3_R16,GCATCACAGTCGAGCGCTGCG,GCATCTATCTCAGTGCGTGTG
F3_R17,GCATCACAGTCGAGCGCTGCG,GCATCTGTGTCTATACTCATC
F3_R18,GCATCACAGTCGAGCGCTGCG,GCATCTATAGACTATCTGAGA
F3_R19,GCATCACAGTCGAGCGCTGCG,GCATCGTATGTGAGAGAGCGC
F3_R20,GCATCACAGTCGAGCGCTGCG,GCATCCACGCGACGCTCTCTA
F3_R21,GCATCACAGTCGAGCGCTGCG,GCATCGAGAGCGCGAGTGCAC
F3_R22,GCATCACAGTCGAGCGCTGCG,GCATCGTGCTCTGTGTGTCAC
F3_R23,GCATCACAGTCGAGCGCTGCG,GCATCTGCGTGTATGTCATAT
F3_R24,GCATCACAGTCGAGCGCTGCG,GCATCACGAGATACTCGCGCG
F3_R25,GCATCACAGTCGAGCGCTGCG,GCATCCTGTGTAGAGAGCACA
F3_R26,GCATCACAGTCGAGCGCTGCG,GCATCTGATGTGACACTGCGC
F3_R27,GCATCACAGTCGAGCGCTGCG,GCATCACTACTGAGACATAGA
F3_R28,GCATCACAGTCGAGCGCTGCG,GCATCTATATCGCGTCGCTAT
F3_R29,GCATCACAGTCGAGCGCTGCG,GCATCGCGTACTGCGACTGTG
F3_R30,GCATCACAGTCGAGCGCTGCG,GCATCATATATGCACGCTCTA
F3_R31,GCATCACAGTCGAGCGCTGCG,GCATCCGCTGTATACACGCTC
F3_R32,GCATCACAGTCGAGCGCTGCG,GCATCAGAGACTGTAGCGCAC
F4_R9,GCATCACACTAGATCGCGTGT,GCATCAGAGACTGCGACGAGA
F4_R10,GCATCACACTAGATCGCGTGT,GCATCCAGAGAGTGCGCGCGC
F4_R11,GCATCACACTAGATCGCGTGT,GCATCCGCGCGTCGTCTCAGC
F4_R12,GCATCACACTAGATCGCGTGT,GCATCAGAGAGTACGATATGT
F4_R13,GCATCACACTAGATCGCGTGT,GCATCTCTGTAGTGCGTGCGC
F4_R14,GCATCACACTAGATCGCGTGT,GCATCATGTGCGTGTGTGTCT
F4_R15,GCATCACACTAGATCGCGTGT,GCATCCTCTCAGACGCTCGTC
F4_R16,GCATCACACTAGATCGCGTGT,GCATCTATCTCAGTGCGTGTG
F4_R17,GCATCACACTAGATCGCGTGT,GCATCTGTGTCTATACTCATC
F4_R18,GCATCACACTAGATCGCGTGT,GCATCTATAGACTATCTGAGA
F4_R19,GCATCACACTAGATCGCGTGT,GCATCGTATGTGAGAGAGCGC
F4_R20,GCATCACACTAGATCGCGTGT,GCATCCACGCGACGCTCTCTA
F4_R21,GCATCACACTAGATCGCGTGT,GCATCGAGAGCGCGAGTGCAC
F4_R22,GCATCACACTAGATCGCGTGT,GCATCGTGCTCTGTGTGTCAC
F4_R23,GCATCACACTAGATCGCGTGT,GCATCTGCGTGTATGTCATAT
F4_R24,GCATCACACTAGATCGCGTGT,GCATCACGAGATACTCGCGCG
F4_R25,GCATCACACTAGATCGCGTGT,GCATCCTGTGTAGAGAGCACA
F4_R26,GCATCACACTAGATCGCGTGT,GCATCTGATGTGACACTGCGC
F4_R27,GCATCACACTAGATCGCGTGT,GCATCACTACTGAGACATAGA
F4_R28,GCATCACACTAGATCGCGTGT,GCATCTATATCGCGTCGCTAT
F4_R29,GCATCACACTAGATCGCGTGT,GCATCGCGTACTGCGACTGTG
F4_R30,GCATCACACTAGATCGCGTGT,GCATCATATATGCACGCTCTA
F4_R31,GCATCACACTAGATCGCGTGT,GCATCCGCTGTATACACGCTC
F4_R32,GCATCACACTAGATCGCGTGT,GCATCAGAGACTGTAGCGCAC
F5_R9,GCATCCGCATGACACGTGTGT,GCATCAGAGACTGCGACGAGA
F5_R10,GCATCCGCATGACACGTGTGT,GCATCCAGAGAGTGCGCGCGC
F5_R11,GCATCCGCATGACACGTGTGT,GCATCCGCGCGTCGTCTCAGC
F5_R12,GCATCCGCATGACACGTGTGT,GCATCAGAGAGTACGATATGT
F5_R13,GCATCCGCATGACACGTGTGT,GCATCTCTGTAGTGCGTGCGC
F5_R14,GCATCCGCATGACACGTGTGT,GCATCATGTGCGTGTGTGTCT
F5_R15,GCATCCGCATGACACGTGTGT,GCATCCTCTCAGACGCTCGTC
F5_R16,GCATCCGCATGACACGTGTGT,GCATCTATCTCAGTGCGTGTG
F5_R17,GCATCCGCATGACACGTGTGT,GCATCTGTGTCTATACTCATC
F5_R18,GCATCCGCATGACACGTGTGT,GCATCTATAGACTATCTGAGA
F5_R19,GCATCCGCATGACACGTGTGT,GCATCGTATGTGAGAGAGCGC
F5_R20,GCATCCGCATGACACGTGTGT,GCATCCACGCGACGCTCTCTA
F5_R21,GCATCCGCATGACACGTGTGT,GCATCGAGAGCGCGAGTGCAC
F5_R22,GCATCCGCATGACACGTGTGT,GCATCGTGCTCTGTGTGTCAC
F5_R23,GCATCCGCATGACACGTGTGT,GCATCTGCGTGTATGTCATAT
F5_R24,GCATCCGCATGACACGTGTGT,GCATCACGAGATACTCGCGCG
F5_R25,GCATCCGCATGACACGTGTGT,GCATCCTGTGTAGAGAGCACA
F5_R26,GCATCCGCATGACACGTGTGT,GCATCTGATGTGACACTGCGC
F5_R27,GCATCCGCATGACACGTGTGT,GCATCACTACTGAGACATAGA
F5_R28,GCATCCGCATGACACGTGTGT,GCATCTATATCGCGTCGCTAT
F5_R29,GCATCCGCATGACACGTGTGT,GCATCGCGTACTGCGACTGTG
F5_R30,GCATCCGCATGACACGTGTGT,GCATCATATATGCACGCTCTA
F5_R31,GCATCCGCATGACACGTGTGT,GCATCCGCTGTATACACGCTC
F5_R32,GCATCCGCATGACACGTGTGT,GCATCAGAGACTGTAGCGCAC
F6_R9,GCATCCACGACACGACGATGT,GCATCAGAGACTGCGACGAGA
F6_R10,GCATCCACGACACGACGATGT,GCATCCAGAGAGTGCGCGCGC
F6_R11,GCATCCACGACACGACGATGT,GCATCCGCGCGTCGTCTCAGC
F6_R12,GCATCCACGACACGACGATGT,GCATCAGAGAGTACGATATGT
F6_R13,GCATCCACGACACGACGATGT,GCATCTCTGTAGTGCGTGCGC
F6_R14,GCATCCACGACACGACGATGT,GCATCATGTGCGTGTGTGTCT
F6_R15,GCATCCACGACACGACGATGT,GCATCCTCTCAGACGCTCGTC
F6_R16,GCATCCACGACACGACGATGT,GCATCTATCTCAGTGCGTGTG
F6_R17,GCATCCACGACACGACGATGT,GCATCTGTGTCTATACTCATC
F6_R18,GCATCCACGACACGACGATGT,GCATCTATAGACTATCTGAGA
F6_R19,GCATCCACGACACGACGATGT,GCATCGTATGTGAGAGAGCGC
F6_R20,GCATCCACGACACGACGATGT,GCATCCACGCGACGCTCTCTA
F6_R21,GCATCCACGACACGACGATGT,GCATCGAGAGCGCGAGTGCAC
F6_R22,GCATCCACGACACGACGATGT,GCATCGTGCTCTGTGTGTCAC
F6_R23,GCATCCACGACACGACGATGT,GCATCTGCGTGTATGTCATAT
F6_R24,GCATCCACGACACGACGATGT,GCATCACGAGATACTCGCGCG
F6_R25,GCATCCACGACACGACGATGT,GCATCCTGTGTAGAGAGCACA
F6_R26,GCATCCACGACACGACGATGT,GCATCTGATGTGACACTGCGC
F6_R27,GCATCCACGACACGACGATGT,GCATCACTACTGAGACATAGA
F6_R28,GCATCCACGACACGACGATGT,GCATCTATATCGCGTCGCTAT
F6_R29,GCATCCACGACACGACGATGT,GCATCGCGTACTGCGACTGTG
F6_R30,GCATCCACGACACGACGATGT,GCATCATATATGCACGCTCTA
F6_R31,GCATCCACGACACGACGATGT,GCATCCGCTGTATACACGCTC
F6_R32,GCATCCACGACACGACGATGT,GCATCAGAGACTGTAGCGCAC
F7_R9,GCATCCACTCACGTGTGATAT,GCATCAGAGACTGCGACGAGA
F7_R10,GCATCCACTCACGTGTGATAT,GCATCCAGAGAGTGCGCGCGC
F7_R11,GCATCCACTCACGTGTGATAT,GCATCCGCGCGTCGTCTCAGC
F7_R12,GCATCCACTCACGTGTGATAT,GCATCAGAGAGTACGATATGT
F7_R13,GCATCCACTCACGTGTGATAT,GCATCTCTGTAGTGCGTGCGC
F7_R14,GCATCCACTCACGTGTGATAT,GCATCATGTGCGTGTGTGTCT
F7_R15,GCATCCACTCACGTGTGATAT,GCATCCTCTCAGACGCTCGTC
F7_R16,GCATCCACTCACGTGTGATAT,GCATCTATCTCAGTGCGTGTG
F7_R17,GCATCCACTCACGTGTGATAT,GCATCTGTGTCTATACTCATC
F7_R18,GCATCCACTCACGTGTGATAT,GCATCTATAGACTATCTGAGA
F7_R19,GCATCCACTCACGTGTGATAT,GCATCGTATGTGAGAGAGCGC
F7_R20,GCATCCACTCACGTGTGATAT,GCATCCACGCGACGCTCTCTA
F7_R21,GCATCCACTCACGTGTGATAT,GCATCGAGAGCGCGAGTGCAC
F7_R22,GCATCCACTCACGTGTGATAT,GCATCGTGCTCTGTGTGTCAC
F7_R23,GCATCCACTCACGTGTGATAT,GCATCTGCGTGTATGTCATAT
F7_R24,GCATCCACTCACGTGTGATAT,GCATCACGAGATACTCGCGCG
F7_R25,GCATCCACTCACGTGTGATAT,GCATCCTGTGTAGAGAGCACA
F7_R26,GCATCCACTCACGTGTGATAT,GCATCTGATGTGACACTGCGC
F7_R27,GCATCCACTCACGTGTGATAT,GCATCACTACTGAGACATAGA
F7_R28,GCATCCACTCACGTGTGATAT,GCATCTATATCGCGTCGCTAT
F7_R29,GCATCCACTCACGTGTGATAT,GCATCGCGTACTGCGACTGTG
F7_R30,GCATCCACTCACGTGTGATAT,GCATCATATATGCACGCTCTA
F7_R31,GCATCCACTCACGTGTGATAT,GCATCCGCTGTATACACGCTC
F7_R32,GCATCCACTCACGTGTGATAT,GCATCAGAGACTGTAGCGCAC
F8_R9,GCATCCATGTAGAGCAGAGAG,GCATCAGAGACTGCGACGAGA
F8_R10,GCATCCATGTAGAGCAGAGAG,GCATCCAGAGAGTGCGCGCGC
F8_R11,GCATCCATGTAGAGCAGAGAG,GCATCCGCGCGTCGTCTCAGC
F8_R12,GCATCCATGTAGAGCAGAGAG,GCATCAGAGAGTACGATATGT
F8_R13,GCATCCATGTAGAGCAGAGAG,GCATCTCTGTAGTGCGTGCGC
F8_R14,GCATCCATGTAGAGCAGAGAG,GCATCATGTGCGTGTGTGTCT
F8_R15,GCATCCATGTAGAGCAGAGAG,GCATCCTCTCAGACGCTCGTC
F8_R16,GCATCCATGTAGAGCAGAGAG,GCATCTATCTCAGTGCGTGTG
F8_R17,GCATCCATGTAGAGCAGAGAG,GCATCTGTGTCTATACTCATC
F8_R18,GCATCCATGTAGAGCAGAGAG,GCATCTATAGACTATCTGAGA
F8_R19,GCATCCATGTAGAGCAGAGAG,GCATCGTATGTGAGAGAGCGC
F8_R20,GCATCCATGTAGAGCAGAGAG,GCATCCACGCGACGCTCTCTA
F8_R21,GCATCCATGTAGAGCAGAGAG,GCATCGAGAGCGCGAGTGCAC
F8_R22,GCATCCATGTAGAGCAGAGAG,GCATCGTGCTCTGTGTGTCAC
F8_R23,GCATCCATGTAGAGCAGAGAG,GCATCTGCGTGTATGTCATAT
F8_R24,GCATCCATGTAGAGCAGAGAG,GCATCACGAGATACTCGCGCG
F8_R25,GCATCCATGTAGAGCAGAGAG,GCATCCTGTGTAGAGAGCACA
F8_R26,GCATCCATGTAGAGCAGAGAG,GCATCTGATGTGACACTGCGC
F8_R27,GCATCCATGTAGAGCAGAGAG,GCATCACTACTGAGACATAGA
F8_R28,GCATCCATGTAGAGCAGAGAG,GCATCTATATCGCGTCGCTAT
F8_R29,GCATCCATGTAGAGCAGAGAG,GCATCGCGTACTGCGACTGTG
F8_R30,GCATCCATGTAGAGCAGAGAG,GCATCATATATGCACGCTCTA
F8_R31,GCATCCATGTAGAGCAGAGAG,GCATCCGCTGTATACACGCTC
F8_R32,GCATCCATGTAGAGCAGAGAG,GCATCAGAGACTGTAGCGCAC
